model,roc_auc,meets_benchmark,accuracy,precision,recall,f1,roc_auc_benchmark
logistic_regression,0.846059395,TRUE,0.797842135,0.635696822,0.556745182,0.593607306,0.8
random_forest,0.838920533,TRUE,0.747302669,0.515363128,0.790149893,0.623837701,0.8
